feature,development/fold_01,development/fold_02,development/fold_03,final_test/fold_01,final_test/fold_02,final_test/fold_03,final_test/fold_04,final_test/fold_05,final_test/fold_06
ff_accel_dep,True,True,True,True,True,True,True,True,True
ff_accr_exp_cf,True,True,True,True,True,True,True,True,True
ff_accr_exp_xpayr,True,True,True,True,True,True,True,True,True
ff_accr_payr,True,True,True,True,True,True,True,True,True
ff_acq_process_rd,True,True,True,True,True,True,True,True,True
ff_adj_net_oth,True,True,True,True,False,False,False,False,False
ff_adv_exp,True,True,True,True,True,True,True,True,True
ff_amort_cf,True,True,True,True,True,True,True,True,True
ff_amort_exp_lease,True,True,True,True,True,True,True,True,True
ff_amort_intang,True,True,True,True,True,True,True,True,True
ff_assets_curr_misc,True,True,True,True,True,True,True,True,True
ff_assets_curr_oth,True,True,True,True,True,True,True,True,True
ff_assets_lease_net,True,True,True,True,True,True,True,True,True
ff_assets_risk_wght,True,True,True,True,True,True,True,True,True
ff_assets_sep_accts,True,True,True,True,True,True,True,True,True
ff_bdebt,True,True,True,True,True,True,True,True,True
ff_bk_com_eq_tier1_tot,True,True,True,True,True,True,True,True,True
ff_bk_oper_exp_oth,True,True,True,True,True,True,True,True,True
ff_bk_oper_exp_tot,True,True,True,True,True,True,True,True,True
ff_bnfit_loss_rsrv_tcap,True,True,True,True,True,True,True,True,True
ff_calamitous_event,True,True,True,True,True,True,True,True,True
ff_cap_lease_curr,True,True,True,True,True,True,True,True,True
ff_cap_ratio_tier1,True,True,True,True,True,True,True,True,True
ff_cap_ratio_tot,True,True,True,True,True,True,True,True,True
ff_capex_fix_assets,True,True,True,True,True,True,True,True,True
ff_capex_oth,True,True,True,True,False,False,False,False,False
ff_cash_curr_assets,True,True,True,True,True,True,True,True,True
ff_cash_due_fr_bk,True,True,True,True,True,True,True,True,True
ff_cash_only,True,True,True,True,True,True,True,False,False
ff_cash_restr,True,True,True,True,True,True,True,True,True
ff_cash_secs_deps,True,True,True,True,True,True,True,True,True
ff_cash_st,True,True,True,True,True,True,True,True,True
ff_cogs,True,True,True,True,True,True,True,True,True
ff_cogs_sales,True,True,True,True,True,True,True,True,True
ff_cogs_xdep,True,True,True,True,True,True,True,True,True
ff_com_eq_deps,True,True,True,True,True,True,True,True,True
ff_com_eq_for_exch,True,True,True,True,True,True,True,True,True
ff_com_eq_hedg_gl,True,True,True,True,True,True,True,True,True
ff_com_eq_oth_compr_adj_oth,True,True,True,True,True,True,True,True,True
ff_com_eq_unearn_comp,True,True,True,True,True,True,True,True,True
ff_commiss_inc,True,True,True,True,True,True,True,True,True
ff_comp_soft,True,True,True,True,True,True,True,True,True
ff_compr_inc,True,True,True,True,False,False,False,False,False
ff_compr_inc_for_curn_adj,True,True,True,True,True,False,False,False,False
ff_compr_inc_oth,True,True,True,True,True,False,False,False,False
ff_compr_inc_pens_liabs,True,True,True,True,True,True,True,True,True
ff_compr_inc_pens_liabs_adj,True,True,True,True,True,False,False,False,False
ff_compr_inc_tot,True,True,True,True,False,False,False,False,False
ff_compr_inc_unreal_gl_secs,True,True,True,True,False,False,False,False,False
ff_curr_ins_ben,True,True,True,True,True,True,True,True,True
ff_cust_accept,True,True,True,True,True,True,True,True,True
ff_debt_ebitda_oper,True,True,True,True,True,True,True,True,True
ff_debt_oth_cf,True,True,True,True,True,True,True,True,True
ff_debt_oth_lt_curr,True,True,True,True,True,True,True,True,True
ff_debt_serv,True,True,True,True,True,True,True,True,True
ff_dep_accum_fix_assets,True,True,True,True,True,True,True,True,True
ff_dep_exp,True,True,True,True,True,True,True,True,True
ff_dep_exp_uncon,True,True,True,True,True,True,True,True,True
ff_dep_exp_xamort_cf,True,True,True,True,True,True,True,True,True
ff_deps,True,True,True,True,True,True,True,True,True
ff_deps_assets,True,True,True,True,True,True,True,True,True
ff_deps_cust,True,True,True,True,True,True,True,True,True
ff_deps_decr_cf,True,True,True,True,True,True,True,True,True
ff_deps_demand,True,True,True,True,True,True,True,True,True
ff_deps_for,True,True,True,True,True,True,True,True,True
ff_deps_incr_cf,True,True,True,True,True,True,True,True,True
ff_deps_sav,True,True,True,True,True,True,True,True,True
ff_deps_unspec,True,True,True,True,True,True,True,True,True
ff_dfd_chrg,True,True,True,True,True,True,True,True,True
ff_dfd_inc,True,True,True,True,True,True,True,True,True
ff_dfd_inc_curr,True,True,True,True,True,True,True,True,True
ff_dfd_tax_cf,True,True,True,True,True,True,True,True,True
ff_dfd_tax_cr,True,True,True,True,True,True,True,True,True
ff_dfd_tax_db,True,True,True,True,True,True,True,True,True
ff_dfd_tax_xitc_cf,True,True,True,True,True,True,True,True,True
ff_div_pay_out_ps,True,True,True,True,True,True,True,True,True
ff_early_term_contract,True,True,True,True,True,True,True,True,True
ff_earn_assets_pct,True,True,True,True,True,True,True,True,True
ff_ebit_oper,True,True,True,True,True,True,True,True,True
ff_ebit_oper_fix_chrg_covg,True,True,True,True,True,True,True,True,True
ff_ebit_oper_int_covg,True,True,True,True,True,True,True,True,True
ff_ebit_oper_mgn,True,True,True,True,True,True,True,True,True
ff_ebit_oper_ps,True,True,True,True,True,True,True,True,True
ff_ebit_oper_roa,True,True,True,True,True,True,True,True,True
ff_ebitda_cf,True,True,True,True,True,True,True,True,True
ff_ebitda_oper,True,True,True,True,True,True,True,True,True
ff_ebitda_oper_mgn,True,True,True,True,True,True,True,True,True
ff_emp_num,True,True,True,True,True,True,True,True,True
ff_entrpr_val_ebit_oper,True,True,True,True,True,True,True,True,True
ff_entrpr_val_ebitda_oper,True,True,True,True,True,True,True,True,True
ff_eps_headline_uk,True,True,True,True,True,True,True,True,True
ff_eps_headline_uk_dil,True,True,True,True,True,True,True,True,True
ff_eps_uncon,True,True,True,True,True,True,True,True,True
ff_eq_aff_inc,False,False,False,False,False,True,True,True,True
ff_equip_exp,True,True,True,True,True,True,True,True,True
ff_fed_funds,True,True,True,True,True,True,True,True,True
ff_fin_assets_impair,True,True,True,True,True,True,True,True,True
ff_fin_invest_tot,False,False,False,False,False,False,True,True,True
ff_fix_assets_impair,True,True,True,True,True,True,True,True,True
ff_for_curn_adj,True,True,True,True,True,True,True,True,True
ff_for_exch_bs,True,True,True,True,True,True,True,True,True
ff_for_exch_cf,True,True,True,True,True,True,True,True,True
ff_for_exch_is,True,True,True,True,True,True,True,True,True
ff_frank_bal_cf,True,True,True,True,True,True,True,True,True
ff_fscore,True,True,True,True,True,True,True,True,True
ff_ga_exp,True,True,True,True,True,True,True,True,True
ff_gross_inc,True,True,True,True,True,True,True,True,True
ff_gross_mgn,True,True,True,True,True,True,True,True,True
ff_gw_impair,True,True,False,False,False,False,False,False,False
ff_gw_wdown,True,True,True,True,True,True,True,True,True
ff_impair,True,True,True,True,True,True,True,True,True
ff_impair_intang_oth,True,True,True,True,True,True,True,True,True
ff_impair_ppe,True,True,True,True,True,True,True,True,True
ff_inc_unearn,True,True,True,True,True,True,True,True,True
ff_ins_contract_assets,True,True,True,True,True,True,True,True,True
ff_ins_contract_liabs,True,True,True,True,True,True,True,True,True
ff_ins_fin_exp,True,True,True,True,True,True,True,True,True
ff_ins_fin_inc,True,True,True,True,True,True,True,True,True
ff_ins_fin_result,True,True,True,True,True,True,True,True,True
ff_ins_invest_inc,True,True,True,True,True,True,True,True,True
ff_ins_liabs_oth,True,True,True,True,True,True,True,True,True
ff_ins_liabs_pol,True,True,True,True,True,True,True,True,True
ff_ins_lt_rsrv,True,True,True,True,True,True,True,True,True
ff_ins_rev,True,True,True,True,True,True,True,True,True
ff_ins_rsrv,True,True,True,True,True,True,True,True,True
ff_ins_rsrv_gr,True,True,True,True,True,True,True,True,True
ff_ins_serv_exp,True,True,True,True,True,True,True,True,True
ff_ins_serv_result,True,True,True,True,True,True,True,True,True
ff_int_cf,True,True,True,True,True,True,True,True,True
ff_int_exp_deps,True,True,True,True,True,True,True,True,True
ff_int_exp_fed_repos,True,True,True,True,True,True,True,True,True
ff_int_exp_ib_liabs,True,True,True,True,True,True,True,True,True
ff_int_exp_lease,True,True,True,True,True,True,True,True,True
ff_int_exp_oth_borr,True,True,True,True,True,True,True,True,True
ff_int_exp_tot,True,True,True,True,True,True,False,False,False
ff_int_fin_cf,True,True,True,True,True,True,True,True,True
ff_int_inc,True,True,True,True,True,True,True,True,True
ff_int_inc_aft_prov,True,True,True,True,True,True,True,True,True
ff_int_inc_avg_deps,True,True,True,True,True,True,True,True,True
ff_int_inc_deps,True,True,True,True,True,True,True,True,True
ff_int_inc_earn_assets,True,True,True,True,True,True,True,True,True
ff_int_inc_fed_funds,True,True,True,True,True,True,True,True,True
ff_int_inc_fed_repos,True,True,True,True,True,True,True,True,True
ff_int_inc_loan,True,True,True,True,True,True,True,True,True
ff_int_inc_misc,True,True,True,True,True,True,True,True,True
ff_int_inc_net,True,True,True,True,True,True,True,True,True
ff_int_inc_non_oper,True,True,True,True,True,True,True,True,True
ff_int_inc_oth,True,True,True,True,True,True,True,True,True
ff_int_mgn,True,True,True,True,True,True,True,True,True
ff_int_oper_cf,True,True,True,True,True,True,True,True,True
ff_intang_oth_amort,True,True,True,True,True,True,True,True,True
ff_intang_oth_gross,True,True,True,True,True,True,True,True,True
ff_intang_oth_impair,True,True,False,False,False,False,False,False,False
ff_inven,True,True,True,True,True,True,True,True,True
ff_inven_cf,True,True,True,True,True,True,True,True,True
ff_inven_curr_assets,True,True,True,True,True,True,True,True,True
ff_inven_days,True,True,True,True,True,True,True,True,True
ff_inven_fg,True,True,True,True,True,True,True,True,True
ff_inven_lifo,True,True,True,True,True,True,True,True,True
ff_inven_matl,True,True,True,True,True,True,True,True,True
ff_inven_prog_paymt,True,True,True,True,True,True,True,True,True
ff_inven_turn,True,True,True,True,True,True,True,True,True
ff_inven_wip,True,True,True,True,True,True,True,True,True
ff_invest_assets_deps,True,True,True,True,True,True,True,True,True
ff_invest_assets_loan_deps,True,True,True,True,True,True,True,True,True
ff_invest_contract_liabs,True,True,True,True,True,True,True,True,True
ff_invest_inc,True,True,True,True,True,True,True,True,True
ff_invest_inc_invest_assets,True,True,True,True,True,True,True,True,True
ff_invest_re,True,True,True,True,True,True,True,True,True
ff_invest_st_tot,True,True,True,True,True,True,True,True,True
ff_invest_yld,True,True,True,True,True,True,True,True,True
ff_invest_yld_5yavg,True,True,True,True,True,True,True,True,True
ff_labor_exp,True,True,True,True,True,True,True,True,True
ff_legal_claim_exp,True,True,True,True,True,True,True,True,True
ff_liabs_curr_dfd_tax,True,True,True,True,True,True,True,True,True
ff_liabs_lease_lt,True,True,True,True,True,True,True,True,True
ff_liabs_lease_st,True,True,True,True,True,True,True,True,True
ff_liabs_oper_lease,True,True,True,True,True,True,True,True,True
ff_liabs_oper_lease_curr,True,True,True,True,True,True,True,True,True
ff_liabs_xmin_int_accum,True,True,True,True,True,True,True,True,True
ff_loan_assets,True,True,True,True,True,True,True,True,True
ff_loan_bk,True,True,True,True,True,True,True,True,True
ff_loan_brkr,True,True,True,True,True,True,True,True,True
ff_loan_comml_indl,True,True,True,True,True,True,True,True,True
ff_loan_cons,True,True,True,True,True,True,True,True,True
ff_loan_decr_cf,True,True,True,True,True,True,True,True,True
ff_loan_deps,True,True,True,True,True,True,True,True,True
ff_loan_for,True,True,True,True,True,True,True,True,True
ff_loan_gr,True,True,True,True,True,True,True,True,True
ff_loan_gross,True,True,True,True,True,True,True,True,True
ff_loan_incr_cf,True,True,True,True,True,True,True,True,True
ff_loan_loss_prov,True,True,True,True,True,True,True,True,True
ff_loan_loss_prov_pct,True,True,True,True,True,True,True,True,True
ff_loan_loss_rsrv_assets,True,True,True,True,True,True,True,True,True
ff_loan_loss_rsrv_pct,True,True,True,True,True,True,True,True,True
ff_loan_loss_rsrv_tcap,True,True,True,True,True,True,True,True,True
ff_loan_mtge,True,True,True,True,True,True,True,True,True
ff_loan_net,True,True,True,True,True,True,True,True,True
ff_loan_nonperf,True,True,True,True,True,True,True,True,True
ff_loan_oth,True,True,True,True,True,True,True,True,True
ff_loan_rsrv,True,True,True,True,True,True,True,True,True
ff_loan_tcap,True,True,True,True,True,True,True,True,True
ff_loss_adj_exp,True,True,True,True,True,True,True,True,True
ff_loss_claim_exp,True,True,True,True,True,True,True,True,True
ff_loss_claim_rsrv,True,True,True,True,True,True,True,True,True
ff_loss_ratio,True,True,True,True,True,True,True,True,True
ff_min_pens_liabs_adj,True,True,True,True,True,True,True,True,True
ff_misc_net_oth,True,True,True,True,False,False,False,False,False
ff_mkt_exp,True,True,True,True,True,True,True,True,True
ff_net_cap_require,True,True,True,True,True,True,True,True,True
ff_net_inc_cf,True,True,True,True,True,True,True,True,True
ff_net_int_inc_earn_assets,True,True,True,True,True,True,True,True,True
ff_non_cash,True,True,True,True,True,True,True,True,True
ff_non_int_exp,True,True,True,True,True,True,True,True,True
ff_non_int_inc,True,True,True,True,True,True,True,True,True
ff_non_int_inc_rev,True,True,True,True,True,True,True,True,True
ff_nonperf_loan_com_eq,True,True,True,True,True,True,True,True,True
ff_nonperf_loan_loss_rsrv,True,True,True,True,True,True,True,True,True
ff_nonperf_loan_pct,True,True,True,True,True,True,True,True,True
ff_notes_receiv_lt,True,True,True,True,True,True,True,True,True
ff_oper_inc_aft_int,True,True,True,True,True,True,True,True,True
ff_oper_inc_bef_int,True,True,True,True,True,True,True,True,True
ff_oper_inc_prem_earn,True,True,True,True,True,True,True,True,True
ff_oper_lease_exp,True,True,True,True,True,True,True,True,True
ff_oper_lease_repay,True,True,True,True,True,True,True,True,True
ff_oper_prov,True,True,True,True,True,True,True,True,True
ff_ordinary_inc,True,True,True,True,True,True,True,True,True
ff_oth_unusual_exp,True,True,True,True,True,True,True,True,True
ff_oth_xcept_chrg,True,True,True,True,True,True,True,True,True
ff_pay_acct,True,True,True,True,True,True,True,True,True
ff_pay_acct_cf,True,True,True,True,True,True,True,True,True
ff_pay_acct_sales,True,True,True,True,True,True,True,True,True
ff_pay_div,True,True,True,True,True,True,True,True,True
ff_pay_tax,True,True,True,True,True,True,True,True,True
ff_pay_tax_cf,True,True,True,True,True,True,True,True,True
ff_pay_tax_dfd_tax,True,True,True,True,True,True,True,True,True
ff_pay_turn_days,True,True,True,True,True,True,True,True,True
ff_pens_bnfit_retir_post,True,True,True,True,True,True,True,True,True
ff_pfcf_dil,True,True,True,True,True,True,True,True,True
ff_pol_claims,True,True,True,True,True,True,True,True,True
ff_ppe_dep,True,True,True,True,True,True,True,True,True
ff_ppe_dep_soft_equip,True,True,True,True,True,True,True,True,True
ff_ppe_gross,True,True,True,True,True,True,True,True,True
ff_ppe_gross_constr,True,True,True,True,True,True,True,True,True
ff_ppe_gross_soft_equip,True,True,True,True,True,True,True,True,True
ff_ppe_impair,True,True,True,True,True,True,True,True,True
ff_ppe_net_soft_equip,True,True,True,True,True,True,True,True,True
ff_prem_earn,True,True,True,True,True,True,True,True,True
ff_prem_receiv,True,True,True,True,True,True,True,True,True
ff_prem_unearn,True,True,True,True,True,True,True,True,True
ff_prep_exp,True,True,True,True,True,True,True,True,True
ff_prov_risk,True,False,False,False,False,False,False,False,False
ff_quick_ratio,True,True,True,True,True,True,True,True,True
ff_rd_exp,True,True,True,True,True,True,True,True,True
ff_rd_sales,True,True,True,True,True,True,True,True,True
ff_real_gain,False,False,False,False,False,False,True,True,True
ff_receiv_cf,True,True,True,True,True,True,True,True,True
ff_receiv_curr_assets,True,True,True,True,True,True,True,True,True
ff_receiv_gross,True,True,True,True,True,True,True,True,True
ff_receiv_int,True,True,True,True,True,True,True,True,True
ff_receiv_net,True,True,True,True,True,True,True,True,True
ff_receiv_st,True,True,True,True,True,True,True,True,True
ff_receiv_st_oth,True,True,True,True,True,True,True,True,True
ff_receiv_tot,True,True,True,True,True,True,True,True,True
ff_receiv_turn,True,True,True,True,True,True,True,True,True
ff_receiv_turn_days,True,True,True,True,True,True,True,True,True
ff_reins_contract_assets,True,True,True,True,True,True,True,True,True
ff_reins_contract_exp,True,True,True,True,True,True,True,True,True
ff_reins_contract_liabs,True,True,True,True,True,True,True,True,True
ff_reins_exp,True,True,True,True,True,True,True,True,True
ff_reins_fin_exp,True,True,True,True,True,True,True,True,True
ff_reins_fin_inc,True,True,True,True,True,True,True,True,True
ff_reins_rev,True,True,True,True,True,True,True,True,True
ff_rent_inc,True,True,True,True,True,True,True,True,True
ff_reorg_restruct_exp,True,True,True,True,True,True,True,True,True
ff_restruct_debt,True,True,True,True,True,True,True,True,True
ff_roea,True,True,True,True,True,True,True,True,True
ff_rsrv_appr_oth,True,True,True,True,True,True,True,True,True
ff_rsrv_chg,True,True,True,True,False,False,False,False,False
ff_rsrv_unappr,True,True,True,True,True,True,True,True,True
ff_sale_ppe_cf,True,True,True,True,True,True,True,True,True
ff_sales_fix_assets,True,True,True,True,True,True,True,True,True
ff_sales_inven_turn,True,True,True,True,True,True,True,True,True
ff_sales_uncon,True,True,True,True,True,True,True,True,True
ff_sales_wkcap,True,True,True,True,True,True,True,True,True
ff_secs_custody,True,True,True,True,True,True,True,True,True
ff_secs_gain,False,False,False,False,False,False,True,True,True
ff_sell_exp,True,True,True,True,True,True,True,True,True
ff_sga,True,True,True,True,True,True,True,True,True
ff_sga_oth,True,True,True,True,True,True,True,True,True
ff_sga_sales,True,True,True,True,True,True,True,True,True
ff_shs_repurch_auth_shs,True,True,True,True,True,True,True,True,True
ff_shs_repurch_auth_val,True,True,True,True,True,True,True,True,True
ff_shs_repurch_total_shs,True,True,False,False,False,False,False,False,False
ff_shs_repurch_total_val,True,True,False,False,False,False,False,False,False
ff_spec_items,True,True,True,True,True,True,True,True,True
ff_stk_opt_cf,True,True,True,True,True,True,True,True,True
ff_stk_opt_exp,True,True,True,True,True,True,True,True,True
ff_tax_cf,True,True,True,True,True,True,True,True,True
ff_tax_chg_eff,True,True,True,True,True,True,True,True,True
ff_tax_non_inc,True,True,True,True,True,True,True,True,True
ff_tcap_deps,True,True,True,True,True,True,True,True,True
ff_tier1_cap,True,True,True,True,True,True,True,True,True
ff_tier2_cap,True,True,True,True,True,True,True,True,True
ff_trade_acct,True,True,True,True,True,True,True,True,True
ff_trade_inc,True,True,True,True,True,True,True,True,True
ff_trade_inc_net,True,True,True,True,True,True,True,True,True
ff_trust_inc,True,True,True,True,True,True,True,True,True
ff_turn_rate,True,True,True,True,True,True,True,True,True
ff_underwriting_exp,True,True,True,True,True,True,True,True,True
ff_unearn_prem_tcap,True,True,True,True,True,True,True,True,True
ff_unreal_gl_bio_assets,True,True,True,True,True,True,True,True,True
ff_unreal_gl_deriv,True,True,True,True,True,True,True,True,True
ff_unreal_gl_invest,True,True,True,True,True,True,True,True,True
ff_unreal_gl_oth,True,True,True,True,True,True,True,True,True
ff_unreal_gl_prop,True,True,True,True,True,True,True,True,True
ff_unreal_gl_tot,True,True,True,True,True,True,True,True,True
ff_unreal_invest_gl,True,True,True,True,True,True,True,True,True
ff_wkcap_assets_oth,True,True,True,True,True,True,True,True,True
ff_xcept_prov,True,True,True,True,True,True,True,True,True
ff_zscore,True,True,True,True,True,True,True,True,True
